Campus;Grupo;Modelo;Regimen;Des_Grupo;Des_Asig;Alias_Profesor;Nombre;Apel1;Apel2
1;131DA;A;D;AR - 1º GM-D Elect vehic auto - 131DA - LOE;MECANIZADO BASICO;U7412;Aimar;Etxeberria;García
1;131DA;A;D;AR - 1º GM-D Elect vehic auto - 131DA - LOE;SISTEMAS DE TRANSMISION Y FRENADO;U9021;Lucía;Zubizarreta;Fernández
1;131DA;A;D;AR - 1º GM-D Elect vehic auto - 131DA - LOE;SISTEMAS DE TRANSMISION Y FRENADO;U1534;Gorka;Larrañaga;Rodríguez
1;131DA;A;D;AR - 1º GM-D Elect vehic auto - 131DA - LOE;SISTEMAS DE TRANSMISION Y FRENADO;U7729;Itziar;Goikoetxea;Pérez
1;131DA;A;D;AR - 1º GM-D Elect vehic auto - 131DA - LOE;SISTEMAS DE CARGA Y ARRANQUE;U3105;Markel;Iturbe;Martín
1;131DA;A;D;AR - 1º GM-D Elect vehic auto - 131DA - LOE;SISTEMAS DE SEGURIDAD Y CONFORTABILIDAD;U8842;Maite;Mendizabal;Ruiz
1;131DA;A;D;AR - 1º GM-D Elect vehic auto - 131DA - LOE;SISTEMAS DE SEGURIDAD Y CONFORTABILIDAD;U2291;Xabier;Zabala;Díaz
1;131DA;A;D;AR - 1º GM-D Elect vehic auto - 131DA - LOE;CIRCUITOS DE FLUIDOS, SUSPENSION Y DIRECCION;U6473;Amaia;Garmendia;Muñoz
1;131DA;A;D;AR - 1º GM-D Elect vehic auto - 131DA - LOE;CIRCUITOS DE FLUIDOS, SUSPENSION Y DIRECCION;U5510;Iker;Arrieta;Romero
1;131DA;A;D;AR - 1º GM-D Elect vehic auto - 131DA - LOE;ITINERARIO PERSONAL PARA LA EMPLEABILIDAD I;U3984;Oihane;Orozko;Gutiérrez
1;131DA;A;D;AR - 1º GM-D Elect vehic auto - 131DA - LOE;INGLES PROFESIONAL (GM);U1027;Unai;Bilbao;Torres
1;131DA;A;D;AR - 1º GM-D Elect vehic auto - 131DA - LOE;TUTORÍA;U7365;Nerea;Ugarte;Vázquez
1;131GB;B;D;AR - 1º GM-G Mant electrom - 131GB - LOE;TECNICAS DE FABRICACION;U8241;Julen;Azurmendi;Castro
1;131GB;B;D;AR - 1º GM-G Mant electrom - 131GB - LOE;TECNICAS DE FABRICACION;U4456;Irati;Ibarra;Ortiz
1;131GB;B;D;AR - 1º GM-G Mant electrom - 131GB - LOE;TECNICAS DE FABRICACION;U9123;Kepa;Salazar;Marín
1;131GB;B;D;AR - 1º GM-G Mant electrom - 131GB - LOE;TECNICAS DE FABRICACION;U6678;Edurne;Elorza;Núñez
1;131GB;B;D;AR - 1º GM-G Mant electrom - 131GB - LOE;ELECTRICIDAD Y AUTOMATISMOS ELECTRICOS;U5032;Beñat;Zabaleta;Medina
1;131GB;B;D;AR - 1º GM-G Mant electrom - 131GB - LOE;ELECTRICIDAD Y AUTOMATISMOS ELECTRICOS;U2190;Eider;Urquijo;Ibáñez
1;131GB;B;D;AR - 1º GM-G Mant electrom - 131GB - LOE;ELECTRICIDAD Y AUTOMATISMOS ELECTRICOS;U3341;Jon;Bengoetxea;Castillo
1;131GB;B;D;AR - 1º GM-G Mant electrom - 131GB - LOE;AUTOMATISMOS NEUMATICOS E HIDRAULICOS;U1154;Miren;Aguirre;Garrido
1;131GB;B;D;AR - 1º GM-G Mant electrom - 131GB - LOE;ITINERARIO PERSONAL PARA LA EMPLEABILIDAD I;U4821;Alejandro;García;Etxeberria
1;131GB;B;D;AR - 1º GM-G Mant electrom - 131GB - LOE;INGLES PROFESIONAL (GM);U9012;Sofía;Fernández;Aguirre
1;131GB;B;D;AR - 1º GM-G Mant electrom - 131GB - LOE;DIGITALIZACIÓN APLICADA A LOS SECTORES PRODUCTIVOS (GM);U1534;Mateo;Rodríguez;Goikoetxea
1;131GB;B;D;AR - 1º GM-G Mant electrom - 131GB - LOE;TUTORÍA;U7729;Valentina;Pérez;Zubizarreta
1;131KA;A;D;AR - 1º GM-K Sist micr y red - 131KA - LOE;MONTAJE Y MANTENIMIENTO DE EQUIPOS;U3105;Javier;Martín;Larrañaga
1;131KA;A;D;AR - 1º GM-K Sist micr y red - 131KA - LOE;MONTAJE Y MANTENIMIENTO DE EQUIPOS;U8842;Martina;Ruiz;Iturbe
1;131KA;A;D;AR - 1º GM-K Sist micr y red - 131KA - LOE;SISTEMAS OPERATIVOS MONOPUESTO;U2291;Diego;Díaz;Mendizabal
1;131KA;A;D;AR - 1º GM-K Sist micr y red - 131KA - LOE;REDES LOCALES;U6473;Lucas;Muñoz;Zabala
1;131KA;A;D;AR - 1º GM-K Sist micr y red - 131KA - LOE;SEGURIDAD INFORMATICA;U5510;Paula;Romero;Garmendia
1;131KA;A;D;AR - 1º GM-K Sist micr y red - 131KA - LOE;ITINERARIO PERSONAL PARA LA EMPLEABILIDAD I;U3984;Hugo;Gutiérrez;Arrieta
1;131KA;A;D;AR - 1º GM-K Sist micr y red - 131KA - LOE;INGLES PROFESIONAL (GM);U1027;Sara;Torres;Orozko
1;131KA;A;D;AR - 1º GM-K Sist micr y red - 131KA - LOE;DIGITALIZACIÓN APLICADA A LOS SECTORES PRODUCTIVOS (GM);U7365;Bruno;Vázquez;Bilbao
1;131KA;A;D;AR - 1º GM-K Sist micr y red - 131KA - LOE;TUTORÍA;U8241;Elena;Castro;Ugarte
1;131KB;B;D;AR - 1º GM-K Sist micr y red - 131KB- LOE;MONTAJE Y MANTENIMIENTO DE EQUIPOS;U4456;Mario;Ortiz;Azurmendi
1;131KB;B;D;AR - 1º GM-K Sist micr y red - 131KB- LOE;MONTAJE Y MANTENIMIENTO DE EQUIPOS;U9123;Alba;Marín;Ibarra
1;131KB;B;D;AR - 1º GM-K Sist micr y red - 131KB- LOE;SISTEMAS OPERATIVOS MONOPUESTO;U6678;Pablo;Núñez;Salazar
1;131KB;B;D;AR - 1º GM-K Sist micr y red - 131KB- LOE;REDES LOCALES;U5032;Julia;Medina;Elorza
1;131KB;B;D;AR - 1º GM-K Sist micr y red - 131KB- LOE;REDES LOCALES;U2190;Marcos;Ibáñez;Zabaleta
1;131KB;B;D;AR - 1º GM-K Sist micr y red - 131KB- LOE;SEGURIDAD INFORMATICA;U3341;Carla;Castillo;Urquijo
1;131KB;B;D;AR - 1º GM-K Sist micr y red - 131KB- LOE;ITINERARIO PERSONAL PARA LA EMPLEABILIDAD I;U1154;Adrián;Garrido;Bengoetxea
1;131KB;B;D;AR - 1º GM-K Sist micr y red - 131KB- LOE;INGLES PROFESIONAL (GM);U5421;Iker;Etxeberria;Zubizarreta
1;131KB;B;D;AR - 1º GM-K Sist micr y red - 131KB- LOE;DIGITALIZACIÓN APLICADA A LOS SECTORES PRODUCTIVOS (GM);U8832;Itziar;Aguirre;Larrañaga
1;131KB;B;D;AR - 1º GM-K Sist micr y red - 131KB- LOE;TUTORÍA;U1099;Markel;Goikoetxea;Iturbe
1;131LA;A;D;AR - 1º GM-L Sold y cald - 131LA - LOE;INTERPRETACION GRAFICA;U4421;Ane;Zubizarreta;Mendizabal
1;131LA;A;D;AR - 1º GM-L Sold y cald - 131LA - LOE;METROLOGIA Y ENSAYOS;U6612;Julen;Larrañaga;Zabala
1;131LA;A;D;AR - 1º GM-L Sold y cald - 131LA - LOE;TRAZADO CORTE Y CONFORMADO;U9932;Oihane;Iturbe;Garmendia
1;131LA;A;D;AR - 1º GM-L Sold y cald - 131LA - LOE;TRAZADO CORTE Y CONFORMADO;U2210;Unai;Mendizabal;Arrieta
1;131LA;A;D;AR - 1º GM-L Sold y cald - 131LA - LOE;SOLDADURA EN ATMOSFERA NATURAL;U4501;Nerea;Zabala;Orozko
1;131LA;A;D;AR - 1º GM-L Sold y cald - 131LA - LOE;SOLDADURA EN ATMOSFERA NATURAL;U3387;Beñat;Garmendia;Bilbao
1;131LA;A;D;AR - 1º GM-L Sold y cald - 131LA - LOE;ITINERARIO PERSONAL PARA LA EMPLEABILIDAD I;U1123;Maite;Arrieta;Ugarte
1;131LA;A;D;AR - 1º GM-L Sold y cald - 131LA - LOE;INGLES PROFESIONAL (GM);U7765;Xabier;Orozko;Azurmendi
1;131LA;A;D;AR - 1º GM-L Sold y cald - 131LA - LOE;TUTORÍA;U8890;Amaia;Bilbao;Ibarra
1;132DA;A;D;AR - 2º GM-D Elect vehic auto - 132DA - LOE;FORMACION EN CENTROS DE TRABAJO;U3345;Aimar;Ugarte;Salazar
1;132DA;A;D;AR - 2º GM-D Elect vehic auto - 132DA - LOE;MOTORES;U6671;Irati;Azurmendi;Elorza
1;132DA;A;D;AR - 2º GM-D Elect vehic auto - 132DA - LOE;MOTORES;U2298;Kepa;Ibarra;Zabaleta
1;132DA;A;D;AR - 2º GM-D Elect vehic auto - 132DA - LOE;CIRCUITOS ELECTRICOS AUXILIARES DEL VEHICULO;U9904;Edurne;Salazar;Urquijo
1;132DA;A;D;AR - 2º GM-D Elect vehic auto - 132DA - LOE;SISTEMAS AUXILIARES DEL MOTOR;U1102;Eider;Elorza;Bengoetxea
1;132DA;A;D;AR - 2º GM-D Elect vehic auto - 132DA - LOE;ITINERARIO PERSONAL PARA LA EMPLEABILIDAD II;U5543;Jon;Zabaleta;García
1;132DA;A;D;AR - 2º GM-D Elect vehic auto - 132DA - LOE;DIGITALIZACIÓN APLICADA A LOS SECTORES PRODUCTIVOS (GM);U7712;Miren;Urquijo;Fernández
1;132DA;A;D;AR - 2º GM-D Elect vehic auto - 132DA - LOE;SOSTENIBILIDAD APLICADA AL SISTEMA PRODUCTIVO;U8823;Gorka;Bengoetxea;Rodríguez
1;132DA;A;D;AR - 2º GM-D Elect vehic auto - 132DA - LOE;GESTIÓN Y LOGÍSTICA INTEGRAL DEL TALLER;U4412;Valeria;García;Pérez
1;132DA;A;D;AR - 2º GM-D Elect vehic auto - 132DA - LOE;TELEMETRÍA Y ADQUISICIÓN DE DATOS DEL VEHÍCULO;U3309;Mateo;Fernández;Martín
1;132DA;A;D;AR - 2º GM-D Elect vehic auto - 132DA - LOE;DIAGNOSIS INTEGRAL DEL VEHÍCULO Y PROCESOS DE REPARACIÓN;U2211;Lucía;Rodríguez;Ruiz
1;132DA;A;D;AR - 2º GM-D Elect vehic auto - 132DA - LOE;PROYECTO INTERMODULAR;U9987;Diego;Pérez;Díaz
1;132DA;A;D;AR - 2º GM-D Elect vehic auto - 132DA - LOE;PROYECTO INTERMODULAR;U1165;Martina;Martín;Muñoz
1;132DA;A;D;AR - 2º GM-D Elect vehic auto - 132DA - LOE;DUAL GENERAL;U5532;Lucas;Ruiz;Romero
1;132DA;A;D;AR - 2º GM-D Elect vehic auto - 132DA - LOE;DUAL GENERAL;U7789;Paula;Díaz;Gutiérrez
1;132DA;A;D;AR - 2º GM-D Elect vehic auto - 132DA - LOE;DUAL GENERAL;U8854;Hugo;Muñoz;Torres
1;132DA;A;D;AR - 2º GM-D Elect vehic auto - 132DA - LOE;DUAL INTENSIVA;U3312;Sara;Romero;Vázquez
1;132DA;A;D;AR - 2º GM-D Elect vehic auto - 132DA - LOE;TUTORÍA;U6623;Bruno;Gutiérrez;Castro
1;132DA;A;D;AR - 2º GM-D Elect vehic auto - 132DA - LOE;MECANIZADO BASICO (Pte 1.º);U2201;Elena;Torres;Ortiz
1;132DA;A;D;AR - 2º GM-D Elect vehic auto - 132DA - LOE;SISTEMAS DE TRANSMISION Y FRENADO (Pte 1.º);U9965;Mario;Vázquez;Marín
1;132DA;A;D;AR - 2º GM-D Elect vehic auto - 132DA - LOE;SISTEMAS DE CARGA Y ARRANQUE (Pte 1.º);U1176;Alba;Castro;Núñez
1;132DA;A;D;AR - 2º GM-D Elect vehic auto - 132DA - LOE;CIRCUITOS DE FLUIDOS, SUSPENSION Y DIRECCION (Pte 1.º);U5590;Pablo;Ortiz;Medina
1;132DA;A;D;AR - 2º GM-D Elect vehic auto - 132DA - LOE;ITINERARIO PERSONAL PARA LA EMPLEABILIDAD I (Pte 1.º);U7734;Julia;Marín;Ibáñez
1;132DA;A;D;AR - 2º GM-D Elect vehic auto - 132DA - LOE;INGLES PROFESIONAL (GM) (Pte 1.º);U8812;Marcos;Núñez;Castillo
1;132GB;B;D;AR - 2º GM-G Mant electrom - 132GB - LOE;FORMACION EN CENTROS DE TRABAJO;U3356;Carla;Medina;Garrido
1;132GB;B;D;AR - 2º GM-G Mant electrom - 132GB - LOE;MONTAJE Y MANTENIMIENTO ELECTRICO-ELECTRONICO;U6601;Adrián;Ibáñez;Etxeberria
1;132GB;B;D;AR - 2º GM-G Mant electrom - 132GB - LOE;TECNICAS DE UNION Y MONTAJE;U2243;Irene;Castillo;Aguirre
1;132GB;B;D;AR - 2º GM-G Mant electrom - 132GB - LOE;MONTAJE Y MANTENIMIENTO MECANICO;U9912;David;Garrido;Goikoetxea
1;132GB;B;D;AR - 2º GM-G Mant electrom - 132GB - LOE;MONTAJE Y MANTENIMIENTO DE LINEAS AUTOMATIZADAS;U1145;Noa;Etxeberria;Zubizarreta
1;132GB;B;D;AR - 2º GM-G Mant electrom - 132GB - LOE;ITINERARIO PERSONAL PARA LA EMPLEABILIDAD II;U5567;Álvaro;Aguirre;Larrañaga
1;132GB;B;D;AR - 2º GM-G Mant electrom - 132GB - LOE;SOSTENIBILIDAD APLICADA AL SISTEMA PRODUCTIVO;U7721;Claudia;Goikoetxea;Iturbe
1;132GB;B;D;AR - 2º GM-G Mant electrom - 132GB - LOE;SISTEMAS DE TRASMISION INDUSTRIAL;U8898;Manuel;Zubizarreta;Mendizabal
1;132GB;B;D;AR - 2º GM-G Mant electrom - 132GB - LOE;COMPONENTES ELÉCTRICOS EN SEGURIDAD INDUSTRIAL;U3332;Emma;Larrañaga;Zabala
1;132GB;B;D;AR - 2º GM-G Mant electrom - 132GB - LOE;APLICACIONES REALES DE INSTALACIÓN DE INTERIOR;U6645;Aimar;Iturbe;Garmendia
1;132GB;B;D;AR - 2º GM-G Mant electrom - 132GB - LOE;PROYECTO INTERMODULAR;U2267;Ane;Mendizabal;Arrieta
1;132GB;B;D;AR - 2º GM-G Mant electrom - 132GB - LOE;PROYECTO INTERMODULAR;U9989;Gorka;Zabala;Orozko
1;132GB;B;D;AR - 2º GM-G Mant electrom - 132GB - LOE;DUAL GENERAL;U1121;Itziar;Garmendia;Bilbao
1;132GB;B;D;AR - 2º GM-G Mant electrom - 132GB - LOE;DUAL GENERAL;U5501;Markel;Arrieta;Ugarte
1;132GB;B;D;AR - 2º GM-G Mant electrom - 132GB - LOE;DUAL GENERAL;U7754;Maite;Orozko;Azurmendi
1;132GB;B;D;AR - 2º GM-G Mant electrom - 132GB - LOE;DUAL INTENSIVA;U8811;Xabier;Bilbao;Ibarra
1;132GB;B;D;AR - 2º GM-G Mant electrom - 132GB - LOE;TUTORÍA;U3390;Amaia;Ugarte;Salazar
1;132GB;B;D;AR - 2º GM-G Mant electrom - 132GB - LOE;TECNICAS DE FABRICACION (Pte 1.º);U6632;Iker;Azurmendi;Elorza
1;132GB;B;D;AR - 2º GM-G Mant electrom - 132GB - LOE;ELECTRICIDAD Y AUTOMATISMOS ELECTRICOS (Pte 1.º);U2212;Oihane;Ibarra;Zabaleta
1;132GB;B;D;AR - 2º GM-G Mant electrom - 132GB - LOE;ITINERARIO PERSONAL PARA LA EMPLEABILIDAD I (Pte 1.º);U9945;Unai;Salazar;Urquijo
1;132GB;B;D;AR - 2º GM-G Mant electrom - 132GB - LOE;INGLES PROFESIONAL (GM) (Pte 1.º);U1178;Nerea;Elorza;Bengoetxea
1;132GB;B;D;AR - 2º GM-G Mant electrom - 132GB - LOE;DIGITALIZACIÓN APLICADA A LOS SECTORES PRODUCTIVOS (GM) (Pte 1.º);U5534;Julen;Zabaleta;García
1;132KA;A;D;AR - 2º GM-K Sist micr y red - 132KA - LOE;APLICACIONES OFIMATICAS;U7767;Irati;Urquijo;Fernández
1;132KA;A;D;AR - 2º GM-K Sist micr y red - 132KA - LOE;APLICACIONES OFIMATICAS;U7412;Aimar;Etxeberria;García
1;132KA;A;D;AR - 2º GM-K Sist micr y red - 132KA - LOE;SISTEMAS OPERATIVOS EN RED;U9021;Lucía;Zubizarreta;Fernández
1;132KA;A;D;AR - 2º GM-K Sist micr y red - 132KA - LOE;SERVICIOS EN RED;U1534;Gorka;Larrañaga;Rodríguez
1;132KA;A;D;AR - 2º GM-K Sist micr y red - 132KA - LOE;APLICACIONES WEB;U7729;Itziar;Goikoetxea;Pérez
1;132KA;A;D;AR - 2º GM-K Sist micr y red - 132KA - LOE;ITINERARIO PERSONAL PARA LA EMPLEABILIDAD II;U3105;Markel;Iturbe;Martín
1;132KA;A;D;AR - 2º GM-K Sist micr y red - 132KA - LOE;SOSTENIBILIDAD APLICADA AL SISTEMA PRODUCTIVO;U8842;Maite;Mendizabal;Ruiz
1;132KA;A;D;AR - 2º GM-K Sist micr y red - 132KA - LOE;PROGRAMACIÓN EN PYTHON;U2291;Xabier;Zabala;Díaz
1;132KA;A;D;AR - 2º GM-K Sist micr y red - 132KA - LOE;SERVICIOS VIRTUALIZADOS;U6473;Amaia;Garmendia;Muñoz
1;132KA;A;D;AR - 2º GM-K Sist micr y red - 132KA - LOE;CIBERSEGURIDAD;U5510;Iker;Arrieta;Romero
1;132KA;A;D;AR - 2º GM-K Sist micr y red - 132KA - LOE;PROYECTO INTERMODULAR;U3984;Oihane;Orozko;Gutiérrez
1;132KA;A;D;AR - 2º GM-K Sist micr y red - 132KA - LOE;DUAL GENERAL;U1027;Unai;Bilbao;Torres
1;132KA;A;D;AR - 2º GM-K Sist micr y red - 132KA - LOE;DUAL GENERAL;U7365;Nerea;Ugarte;Vázquez
1;132KA;A;D;AR - 2º GM-K Sist micr y red - 132KA - LOE;DUAL GENERAL;U8241;Julen;Azurmendi;Castro
1;132KA;A;D;AR - 2º GM-K Sist micr y red - 132KA - LOE;DUAL INTENSIVA;U4456;Irati;Ibarra;Ortiz
1;132KA;A;D;AR - 2º GM-K Sist micr y red - 132KA - LOE;DUAL INTENSIVA;U9123;Kepa;Salazar;Marín
1;132KA;A;D;AR - 2º GM-K Sist micr y red - 132KA - LOE;TUTORÍA;U6678;Edurne;Elorza;Núñez
1;132KA;A;D;AR - 2º GM-K Sist micr y red - 132KA - LOE;SISTEMAS OPERATIVOS MONOPUESTO (Pte 1.º);U5032;Beñat;Zabaleta;Medina
1;132KA;A;D;AR - 2º GM-K Sist micr y red - 132KA - LOE;INGLES PROFESIONAL (GM) (Pte 1.º);U2190;Eider;Urquijo;Ibáñez
1;132KA;A;D;AR - 2º GM-K Sist micr y red - 132KA - LOE;DIGITALIZACIÓN APLICADA A LOS SECTORES PRODUCTIVOS (GM) (Pte 1.º);U3341;Jon;Bengoetxea;Castillo
1;132KB;B;D;AR - 2º GM-K Sist micr y red - 132KB - LOE;FORMACION EN CENTROS DE TRABAJO;U1154;Miren;Aguirre;Garrido
1;132KB;B;D;AR - 2º GM-K Sist micr y red - 132KB - LOE;APLICACIONES OFIMATICAS;U4821;Alejandro;García;Etxeberria
1;132KB;B;D;AR - 2º GM-K Sist micr y red - 132KB - LOE;APLICACIONES OFIMATICAS;U9012;Sofía;Fernández;Aguirre
1;132KB;B;D;AR - 2º GM-K Sist micr y red - 132KB - LOE;SISTEMAS OPERATIVOS EN RED;U1534;Mateo;Rodríguez;Goikoetxea
1;132KB;B;D;AR - 2º GM-K Sist micr y red - 132KB - LOE;SERVICIOS EN RED;U7729;Valentina;Pérez;Zubizarreta
1;132KB;B;D;AR - 2º GM-K Sist micr y red - 132KB - LOE;APLICACIONES WEB;U3105;Javier;Martín;Larrañaga
1;132KB;B;D;AR - 2º GM-K Sist micr y red - 132KB - LOE;ITINERARIO PERSONAL PARA LA EMPLEABILIDAD II;U8842;Martina;Ruiz;Iturbe
1;132KB;B;D;AR - 2º GM-K Sist micr y red - 132KB - LOE;SOSTENIBILIDAD APLICADA AL SISTEMA PRODUCTIVO;U2291;Diego;Díaz;Mendizabal
1;132KB;B;D;AR - 2º GM-K Sist micr y red - 132KB - LOE;PROGRAMACIÓN EN PYTHON;U6473;Lucas;Muñoz;Zabala
1;132KB;B;D;AR - 2º GM-K Sist micr y red - 132KB - LOE;SERVICIOS VIRTUALIZADOS;U5510;Paula;Romero;Garmendia
1;132KB;B;D;AR - 2º GM-K Sist micr y red - 132KB - LOE;PROYECTO INTERMODULAR;U3984;Hugo;Gutiérrez;Arrieta
1;132KB;B;D;AR - 2º GM-K Sist micr y red - 132KB - LOE;PROYECTO INTERMODULAR;U1027;Sara;Torres;Orozko
1;132KB;B;D;AR - 2º GM-K Sist micr y red - 132KB - LOE;DUAL GENERAL;U7365;Bruno;Vázquez;Bilbao
1;132KB;B;D;AR - 2º GM-K Sist micr y red - 132KB - LOE;DUAL GENERAL;U8241;Elena;Castro;Ugarte
1;132KB;B;D;AR - 2º GM-K Sist micr y red - 132KB - LOE;DUAL GENERAL;U4456;Mario;Ortiz;Azurmendi
1;132KB;B;D;AR - 2º GM-K Sist micr y red - 132KB - LOE;DUAL GENERAL;U9123;Alba;Marín;Ibarra
1;132KB;B;D;AR - 2º GM-K Sist micr y red - 132KB - LOE;TUTORÍA;U6678;Pablo;Núñez;Salazar
1;132KB;B;D;AR - 2º GM-K Sist micr y red - 132KB - LOE;SISTEMAS OPERATIVOS MONOPUESTO (Pte 1.º);U5032;Julia;Medina;Elorza
1;132KB;B;D;AR - 2º GM-K Sist micr y red - 132KB - LOE;INGLES PROFESIONAL (GM) (Pte 1.º);U2190;Marcos;Ibáñez;Zabaleta
1;132KB;B;D;AR - 2º GM-K Sist micr y red - 132KB - LOE;DIGITALIZACIÓN APLICADA A LOS SECTORES PRODUCTIVOS (GM) (Pte 1.º);U3341;Carla;Castillo;Urquijo
1;132LA;A;D;AR - 2º GM-L Sold y cald - 132LA - LOE;FORMACION EN CENTROS DE TRABAJO;U1154;Adrián;Garrido;Bengoetxea
1;132LA;A;D;AR - 2º GM-L Sold y cald - 132LA - LOE;MECANIZADO;U5421;Iker;Etxeberria;Zubizarreta
1;132LA;A;D;AR - 2º GM-L Sold y cald - 132LA - LOE;SOLDADURA EN ATMOSFERA PROTEGIDA;U8832;Itziar;Aguirre;Larrañaga
1;132LA;A;D;AR - 2º GM-L Sold y cald - 132LA - LOE;MONTAJE;U1099;Markel;Goikoetxea;Iturbe
1;132LA;A;D;AR - 2º GM-L Sold y cald - 132LA - LOE;MONTAJE;U4421;Ane;Zubizarreta;Mendizabal
1;132LA;A;D;AR - 2º GM-L Sold y cald - 132LA - LOE;ITINERARIO PERSONAL PARA LA EMPLEABILIDAD II;U6612;Julen;Larrañaga;Zabala
1;132LA;A;D;AR - 2º GM-L Sold y cald - 132LA - LOE;DIGITALIZACIÓN APLICADA A LOS SECTORES PRODUCTIVOS (GM);U9932;Oihane;Iturbe;Garmendia
1;132LA;A;D;AR - 2º GM-L Sold y cald - 132LA - LOE;SOSTENIBILIDAD APLICADA AL SISTEMA PRODUCTIVO;U2210;Unai;Mendizabal;Arrieta
1;132LA;A;D;AR - 2º GM-L Sold y cald - 132LA - LOE;DEFECTOLOGÍA/SIMBOLOGÍA;U4501;Nerea;Zabala;Orozko
1;132LA;A;D;AR - 2º GM-L Sold y cald - 132LA - LOE;PRÁCTICAS DE HOMOLOGACIÓN;U3387;Beñat;Garmendia;Bilbao
1;132LA;A;D;AR - 2º GM-L Sold y cald - 132LA - LOE;PROYECTO INTERMODULAR;U1123;Maite;Arrieta;Ugarte
1;132LA;A;D;AR - 2º GM-L Sold y cald - 132LA - LOE;PROYECTO INTERMODULAR;U7765;Xabier;Orozko;Azurmendi
1;132LA;A;D;AR - 2º GM-L Sold y cald - 132LA - LOE;DUAL GENERAL;U8890;Amaia;Bilbao;Ibarra
1;132LA;A;D;AR - 2º GM-L Sold y cald - 132LA - LOE;DUAL GENERAL;U3345;Aimar;Ugarte;Salazar
1;132LA;A;D;AR - 2º GM-L Sold y cald - 132LA - LOE;DUAL INTENSIVA;U6671;Irati;Azurmendi;Elorza
1;132LA;A;D;AR - 2º GM-L Sold y cald - 132LA - LOE;TUTORÍA;U2298;Kepa;Ibarra;Zabaleta
1;132LA;A;D;AR - 2º GM-L Sold y cald - 132LA - LOE;TRAZADO CORTE Y CONFORMADO (Pte 1.º);U9904;Edurne;Salazar;Urquijo
1;132LA;A;D;AR - 2º GM-L Sold y cald - 132LA - LOE;ITINERARIO PERSONAL PARA LA EMPLEABILIDAD I (Pte 1.º);U1102;Eider;Elorza;Bengoetxea
1;132LA;A;D;AR - 2º GM-L Sold y cald - 132LA - LOE;INGLES PROFESIONAL (GM) (Pte 1.º);U5543;Jon;Zabaleta;García
1;135LA2;A;D;AR - Grado C Sold atm nat y protegida 135LA2;PRL;U7712;Miren;Urquijo;Fernández
1;135LA2;A;D;AR - Grado C Sold atm nat y protegida 135LA2;INTERPRETACIÓN GRÁFICA;U8823;Gorka;Bengoetxea;Rodríguez
1;135LA2;A;D;AR - Grado C Sold atm nat y protegida 135LA2;INTERPRETACIÓN GRÁFICA;U4412;Valeria;García;Pérez
1;135LA2;A;D;AR - Grado C Sold atm nat y protegida 135LA2;SOLDADURA EN ATMOSFERA NATURAL;U3309;Mateo;Fernández;Martín
1;135LA2;A;D;AR - Grado C Sold atm nat y protegida 135LA2;SOLDADURA EN ATMOSFERA PROTEGIDA;U2211;Lucía;Rodríguez;Ruiz
1;135LA2;A;D;AR - Grado C Sold atm nat y protegida 135LA2;DUAL GENERAL;U9987;Diego;Pérez;Díaz
1;135LA2;A;D;AR - Grado C Sold atm nat y protegida 135LA2;TUTORÍA;U1165;Martina;Martín;Muñoz
1;141AA;A;D;AR - 1º GS-A Adm sis inf en red - 141AA - LOE;IMPLANTACION DE SISTEMAS OPERATIVOS;U5532;Lucas;Ruiz;Romero
1;141AA;A;D;AR - 1º GS-A Adm sis inf en red - 141AA - LOE;PLANIFICACION Y ADMINISTRACION DE REDES;U7789;Paula;Díaz;Gutiérrez
1;141AA;A;D;AR - 1º GS-A Adm sis inf en red - 141AA - LOE;GESTION DE BASE DE DATOS;U8854;Hugo;Muñoz;Torres
1;141AA;A;D;AR - 1º GS-A Adm sis inf en red - 141AA - LOE;LENGUAJE DE MARCAS Y SISTEMAS DE GESTION DE INFORMACION;U3312;Sara;Romero;Vázquez
1;141AA;A;D;AR - 1º GS-A Adm sis inf en red - 141AA - LOE;ITINERARIO PERSONAL PARA LA EMPLEABILIDAD I;U6623;Bruno;Gutiérrez;Castro
1;141AA;A;D;AR - 1º GS-A Adm sis inf en red - 141AA - LOE;DIGITALIZACIÓN APLICADA A LOS SECTORES PRODUCTIVOS (GS);U2201;Elena;Torres;Ortiz
1;141AA;A;D;AR - 1º GS-A Adm sis inf en red - 141AA - LOE;TUTORÍA;U9965;Mario;Vázquez;Marín
1;141DD;D;D;AR - 1º GS-D Autom y robo ind - 141DD - LOE;SISTEMAS ELECTRICOS, NEUMATICOS E HIDRAULICOS;U1176;Alba;Castro;Núñez
1;141DD;D;D;AR - 1º GS-D Autom y robo ind - 141DD - LOE;SISTEMAS SECUENCIALES PROGRAMABLES;U5590;Pablo;Ortiz;Medina
1;141DD;D;D;AR - 1º GS-D Autom y robo ind - 141DD - LOE;SISTEMAS DE MEDIDA Y REGULACION;U7734;Julia;Marín;Ibáñez
1;141DD;D;D;AR - 1º GS-D Autom y robo ind - 141DD - LOE;SISTEMAS DE POTENCIA;U8812;Marcos;Núñez;Castillo
1;141DD;D;D;AR - 1º GS-D Autom y robo ind - 141DD - LOE;SISTEMAS DE POTENCIA;U3356;Carla;Medina;Garrido
1;141DD;D;D;AR - 1º GS-D Autom y robo ind - 141DD - LOE;INFORMATICA INDUSTRIAL;U6601;Adrián;Ibáñez;Etxeberria
1;141DD;D;D;AR - 1º GS-D Autom y robo ind - 141DD - LOE;ITINERARIO PERSONAL PARA LA EMPLEABILIDAD I;U2243;Irene;Castillo;Aguirre
1;141DD;D;D;AR - 1º GS-D Autom y robo ind - 141DD - LOE;DIGITALIZACIÓN APLICADA A LOS SECTORES PRODUCTIVOS (GS);U9912;David;Garrido;Goikoetxea
1;141DD;D;D;AR - 1º GS-D Autom y robo ind - 141DD - LOE;SOSTENIBILIDAD APLICADA AL SISTEMA PRODUCTIVO;U1145;Noa;Etxeberria;Zubizarreta
1;141DD;D;D;AR - 1º GS-D Autom y robo ind - 141DD - LOE;TUTORÍA;U5567;Álvaro;Aguirre;Larrañaga
1;141EA;A;D;AR - 1º GS-E Autom - 141EA - LOE;SISTEMAS ELECTRICOS Y DE SEGURIDAD Y CONFORTABILIDAD;U7721;Claudia;Goikoetxea;Iturbe
1;141EA;A;D;AR - 1º GS-E Autom - 141EA - LOE;SISTEMAS ELECTRICOS Y DE SEGURIDAD Y CONFORTABILIDAD;U8898;Manuel;Zubizarreta;Mendizabal
1;141EA;A;D;AR - 1º GS-E Autom - 141EA - LOE;ELEMENTOS AMOVIBLES Y FIJOS NO ESTRUCTURALES;U3332;Emma;Larrañaga;Zabala
1;141EA;A;D;AR - 1º GS-E Autom - 141EA - LOE;TRATAMIENTO Y RECUBRIMIENTO DE SUPERFICIES;U6645;Aimar;Iturbe;Garmendia
1;141EA;A;D;AR - 1º GS-E Autom - 141EA - LOE;TRATAMIENTO Y RECUBRIMIENTO DE SUPERFICIES;U2267;Ane;Mendizabal;Arrieta
1;141EA;A;D;AR - 1º GS-E Autom - 141EA - LOE;ESTRUCTURAS DEL VEHICULO;U9989;Gorka;Zabala;Orozko
1;141EA;A;D;AR - 1º GS-E Autom - 141EA - LOE;ITINERARIO PERSONAL PARA LA EMPLEABILIDAD I;U1121;Itziar;Garmendia;Bilbao
1;141EA;A;D;AR - 1º GS-E Autom - 141EA - LOE;ITINERARIO PERSONAL PARA LA EMPLEABILIDAD I;U5501;Markel;Arrieta;Ugarte
1;141EA;A;D;AR - 1º GS-E Autom - 141EA - LOE;DIGITALIZACIÓN APLICADA A LOS SECTORES PRODUCTIVOS (GS);U7754;Maite;Orozko;Azurmendi
1;141EA;A;D;AR - 1º GS-E Autom - 141EA - LOE;SOSTENIBILIDAD APLICADA AL SISTEMA PRODUCTIVO;U8811;Xabier;Bilbao;Ibarra
1;141EA;A;D;AR - 1º GS-E Autom - 141EA - LOE;TUTORÍA;U3390;Amaia;Ugarte;Salazar
1;141GA;A;D;AR - 1º GS-G Des apli web - 141GA - LOE;LENGUAJES DE MARCAS Y SISTEMAS DE GESTION DE LA INFORMACION;U6632;Iker;Azurmendi;Elorza
1;141GA;A;D;AR - 1º GS-G Des apli web - 141GA - LOE;BASES DE DATOS;U2212;Oihane;Ibarra;Zabaleta
1;141GA;A;D;AR - 1º GS-G Des apli web - 141GA - LOE;PROGRAMACION;U9945;Unai;Salazar;Urquijo
1;141GA;A;D;AR - 1º GS-G Des apli web - 141GA - LOE;ENTORNOS DE DESARROLLO;U1178;Nerea;Elorza;Bengoetxea
1;141GA;A;D;AR - 1º GS-G Des apli web - 141GA - LOE;ITINERARIO PERSONAL PARA LA EMPLEABILIDAD I;U5534;Julen;Zabaleta;García
1;141GA;A;D;AR - 1º GS-G Des apli web - 141GA - LOE;INGLÉS PROFESIONAL (GS);U7767;Irati;Urquijo;Fernández
1;141GA;A;D;AR - 1º GS-G Des apli web - 141GA - LOE;DIGITALIZACIÓN APLICADA A LOS SECTORES PRODUCTIVOS (GS);U7412;Aimar;Etxeberria;García
1;141GA;A;D;AR - 1º GS-G Des apli web - 141GA - LOE;SOSTENIBILIDAD APLICADA AL SISTEMA PRODUCTIVO;U9021;Lucía;Zubizarreta;Fernández
1;141GA;A;D;AR - 1º GS-G Des apli web - 141GA - LOE;TUTORÍA;U1534;Gorka;Larrañaga;Rodríguez
1;141QA;A;D;AR - 1º GS-Q Mecatron ind - 141QA - LOE;SISTEMAS HIDRAULICOS Y NEUMATICOS;U7729;Itziar;Goikoetxea;Pérez
1;141QA;A;D;AR - 1º GS-Q Mecatron ind - 141QA - LOE;SISTEMAS ELECTRICOS Y ELECTRONICOS;U3105;Markel;Iturbe;Martín
1;141QA;A;D;AR - 1º GS-Q Mecatron ind - 141QA - LOE;SISTEMAS ELECTRICOS Y ELECTRONICOS;U8842;Maite;Mendizabal;Ruiz
1;141QA;A;D;AR - 1º GS-Q Mecatron ind - 141QA - LOE;PROCESOS DE FABRICACION;U2291;Xabier;Zabala;Díaz
1;141QA;A;D;AR - 1º GS-Q Mecatron ind - 141QA - LOE;PROCESOS DE FABRICACION;U6473;Amaia;Garmendia;Muñoz
1;141QA;A;D;AR - 1º GS-Q Mecatron ind - 141QA - LOE;REPRESENTACION GRAFICA DE SISTEMAS MECATRONICOS;U5510;Iker;Arrieta;Romero
1;141QA;A;D;AR - 1º GS-Q Mecatron ind - 141QA - LOE;INTEGRACION DE SISTEMAS ;U3984;Oihane;Orozko;Gutiérrez
1;141QA;A;D;AR - 1º GS-Q Mecatron ind - 141QA - LOE;INTEGRACION DE SISTEMAS ;U1027;Unai;Bilbao;Torres
1;141QA;A;D;AR - 1º GS-Q Mecatron ind - 141QA - LOE;ITINERARIO PERSONAL PARA LA EMPLEABILIDAD I;U7365;Nerea;Ugarte;Vázquez
1;141QA;A;D;AR - 1º GS-Q Mecatron ind - 141QA - LOE;DIGITALIZACIÓN APLICADA A LOS SECTORES PRODUCTIVOS (GS);U8241;Julen;Azurmendi;Castro
1;141QA;A;D;AR - 1º GS-Q Mecatron ind - 141QA - LOE;TUTORÍA;U4456;Irati;Ibarra;Ortiz
1;141TA;A;D;AR - 1º GS-T Sist telec e inf - 141TA - LOE;CONFIGURACION DE INFRAESTRUCTURAS DE SISTEMAS DE TELECOMUNICACIONES;U9123;Kepa;Salazar;Marín
1;141TA;A;D;AR - 1º GS-T Sist telec e inf - 141TA - LOE;CONFIGURACION DE INFRAESTRUCTURAS DE SISTEMAS DE TELECOMUNICACIONES;U6678;Edurne;Elorza;Núñez
1;141TA;A;D;AR - 1º GS-T Sist telec e inf - 141TA - LOE;ELEMENTOS DE SISTEMAS DE TELECOMUNICACIONES;U5032;Beñat;Zabaleta;Medina
1;141TA;A;D;AR - 1º GS-T Sist telec e inf - 141TA - LOE;ELEMENTOS DE SISTEMAS DE TELECOMUNICACIONES;U2190;Eider;Urquijo;Ibáñez
1;141TA;A;D;AR - 1º GS-T Sist telec e inf - 141TA - LOE;SISTEMAS INFORMATICOS Y REDES LOCALES;U3341;Jon;Bengoetxea;Castillo
1;141TA;A;D;AR - 1º GS-T Sist telec e inf - 141TA - LOE;SISTEMAS INFORMATICOS Y REDES LOCALES;U1154;Miren;Aguirre;Garrido
1;141TA;A;D;AR - 1º GS-T Sist telec e inf - 141TA - LOE;TECNICAS Y PROCESOS EN INFRAESTRUCTURAS DE TELECOMUNICACIONES;U4821;Alejandro;García;Etxeberria
1;141TA;A;D;AR - 1º GS-T Sist telec e inf - 141TA - LOE;TECNICAS Y PROCESOS EN INFRAESTRUCTURAS DE TELECOMUNICACIONES;U9012;Sofía;Fernández;Aguirre
1;141TA;A;D;AR - 1º GS-T Sist telec e inf - 141TA - LOE;GESTION DE PROYECTOS DE INSTALACIONES DE TELECOMUNICACIONES;U1534;Mateo;Rodríguez;Goikoetxea
1;141TA;A;D;AR - 1º GS-T Sist telec e inf - 141TA - LOE;ITINERARIO PERSONAL PARA LA EMPLEABILIDAD I;U7729;Valentina;Pérez;Zubizarreta
1;141TA;A;D;AR - 1º GS-T Sist telec e inf - 141TA - LOE;ITINERARIO PERSONAL PARA LA EMPLEABILIDAD I;U3105;Javier;Martín;Larrañaga
1;141TA;A;D;AR - 1º GS-T Sist telec e inf - 141TA - LOE;DIGITALIZACIÓN APLICADA A LOS SECTORES PRODUCTIVOS (GS);U8842;Martina;Ruiz;Iturbe
1;141TA;A;D;AR - 1º GS-T Sist telec e inf - 141TA - LOE;SOSTENIBILIDAD APLICADA AL SISTEMA PRODUCTIVO;U2291;Diego;Díaz;Mendizabal
1;141TA;A;D;AR - 1º GS-T Sist telec e inf - 141TA - LOE;TUTORÍA;U6473;Lucas;Muñoz;Zabala
1;141XA;A;D;AR - 1º GS-X Mant elec aviones - 141XA - LOOFIP;FUNDAMENTOS DE ELECTRICIDAD;U5510;Paula;Romero;Garmendia
1;141XA;A;D;AR - 1º GS-X Mant elec aviones - 141XA - LOOFIP;FUNDAMENTOS DE ELECTRICIDAD;U3984;Hugo;Gutiérrez;Arrieta
1;141XA;A;D;AR - 1º GS-X Mant elec aviones - 141XA - LOOFIP;FUNDAMENTOS DE ELECTRÓNICA EN AEROMECÁNICA;U1027;Sara;Torres;Orozko
1;141XA;A;D;AR - 1º GS-X Mant elec aviones - 141XA - LOOFIP;FUNDAMENTOS DE ELECTRÓNICA EN AEROMECÁNICA;U7365;Bruno;Vázquez;Bilbao
1;141XA;A;D;AR - 1º GS-X Mant elec aviones - 141XA - LOOFIP;MATERIALES, EQUIPOS Y HERRAMIENTAS EN AEROMECÁNICA;U8241;Elena;Castro;Ugarte
1;141XA;A;D;AR - 1º GS-X Mant elec aviones - 141XA - LOOFIP;MATERIALES, EQUIPOS Y HERRAMIENTAS EN AEROMECÁNICA;U4456;Mario;Ortiz;Azurmendi
1;141XA;A;D;AR - 1º GS-X Mant elec aviones - 141XA - LOOFIP;PRÁCTICAS DE MANTENIMIENTO CON ELEMENTOS MECÁNICOS DE LA AERONAVE;U9123;Alba;Marín;Ibarra
1;141XA;A;D;AR - 1º GS-X Mant elec aviones - 141XA - LOOFIP;PRÁCTICAS DE MANTENIMIENTO CON ELEMENTOS MECÁNICOS DE LA AERONAVE;U6678;Pablo;Núñez;Salazar
1;141XA;A;D;AR - 1º GS-X Mant elec aviones - 141XA - LOOFIP;PRÁCTICAS DE MANTENIMIENTO CON ELEMENTOS MECÁNICOS DE LA AERONAVE;U5032;Julia;Medina;Elorza
1;141XA;A;D;AR - 1º GS-X Mant elec aviones - 141XA - LOOFIP;AERODINÁMICA BÁSICA;U2190;Marcos;Ibáñez;Zabaleta
1;141XA;A;D;AR - 1º GS-X Mant elec aviones - 141XA - LOOFIP;FACTORES HUMANOS;U3341;Carla;Castillo;Urquijo
1;141XA;A;D;AR - 1º GS-X Mant elec aviones - 141XA - LOOFIP;FACTORES HUMANOS;U1154;Adrián;Garrido;Bengoetxea
1;141XA;A;D;AR - 1º GS-X Mant elec aviones - 141XA - LOOFIP;INGLÉS PROFESIONAL (GS);U5421;Iker;Etxeberria;Zubizarreta
1;141XA;A;D;AR - 1º GS-X Mant elec aviones - 141XA - LOOFIP;DIGITALIZACIÓN APLICADA A LOS SECTORES PRODUCTIVOS (GS);U8832;Itziar;Aguirre;Larrañaga
1;141XA;A;D;AR - 1º GS-X Mant elec aviones - 141XA - LOOFIP;DIGITALIZACIÓN APLICADA A LOS SECTORES PRODUCTIVOS (GS);U1099;Markel;Goikoetxea;Iturbe
1;141XA;A;D;AR - 1º GS-X Mant elec aviones - 141XA - LOOFIP;SOSTENIBILIDAD APLICADA AL SISTEMA PRODUCTIVO;U4421;Ane;Zubizarreta;Mendizabal
1;141XA;A;D;AR - 1º GS-X Mant elec aviones - 141XA - LOOFIP;TUTORÍA;U6612;Julen;Larrañaga;Zabala
1;142AA;A;D;AR - 2º GS-A Adm sis inf en red - 142AA - LOE;FUNDAMENTOS DE HARDWARE;U9932;Oihane;Iturbe;Garmendia
1;142AA;A;D;AR - 2º GS-A Adm sis inf en red - 142AA - LOE;ADMINISTRACION DE SISTEMAS OPERATIVOS;U2210;Unai;Mendizabal;Arrieta
1;142AA;A;D;AR - 2º GS-A Adm sis inf en red - 142AA - LOE;SERVICIOS DE RED E INTERNET;U4501;Nerea;Zabala;Orozko
1;142AA;A;D;AR - 2º GS-A Adm sis inf en red - 142AA - LOE;IMPLANTACION DE APLICACIONES WEB;U3387;Beñat;Garmendia;Bilbao
1;142AA;A;D;AR - 2º GS-A Adm sis inf en red - 142AA - LOE;ADMINISTRACION DE SISTEMAS GESTORES DE BASES DE DATOS;U1123;Maite;Arrieta;Ugarte
1;142AA;A;D;AR - 2º GS-A Adm sis inf en red - 142AA - LOE;SEGURIDAD Y ALTA DISPONIBILIDAD;U7765;Xabier;Orozko;Azurmendi
1;142AA;A;D;AR - 2º GS-A Adm sis inf en red - 142AA - LOE;INGLÉS PROFESIONAL (GS);U8890;Amaia;Bilbao;Ibarra
1;142AA;A;D;AR - 2º GS-A Adm sis inf en red - 142AA - LOE;ITINERARIO PERSONAL PARA LA EMPLEABILIDAD II;U3345;Aimar;Ugarte;Salazar
1;142AA;A;D;AR - 2º GS-A Adm sis inf en red - 142AA - LOE;SOSTENIBILIDAD APLICADA AL SISTEMA PRODUCTIVO;U6671;Irati;Azurmendi;Elorza
1;142AA;A;D;AR - 2º GS-A Adm sis inf en red - 142AA - LOE;INTRODUCCIÓN A LA NUBE PÚBLICA;U2298;Kepa;Ibarra;Zabaleta
1;142AA;A;D;AR - 2º GS-A Adm sis inf en red - 142AA - LOE;BASTIONADO;U9904;Edurne;Salazar;Urquijo
1;142AA;A;D;AR - 2º GS-A Adm sis inf en red - 142AA - LOE;PROYECTO INTERMODULAR DE ADMINISTRACIÓN DE SISTEMAS INFORMÁTICOS EN RED;U1102;Eider;Elorza;Bengoetxea
1;142AA;A;D;AR - 2º GS-A Adm sis inf en red - 142AA - LOE;DUAL GENERAL;U5543;Jon;Zabaleta;García
1;142AA;A;D;AR - 2º GS-A Adm sis inf en red - 142AA - LOE;DUAL INTENSIVA;U7712;Miren;Urquijo;Fernández
1;142AA;A;D;AR - 2º GS-A Adm sis inf en red - 142AA - LOE;TUTORÍA;U8823;Gorka;Bengoetxea;Rodríguez
1;142AA;A;D;AR - 2º GS-A Adm sis inf en red - 142AA - LOE;PLANIFICACION Y ADMINISTRACION DE REDES (Pte 1.º);U4412;Valeria;García;Pérez
1;142AA;A;D;AR - 2º GS-A Adm sis inf en red - 142AA - LOE;GESTION DE BASE DE DATOS (Pte 1.º);U3309;Mateo;Fernández;Martín
1;142AA;A;D;AR - 2º GS-A Adm sis inf en red - 142AA - LOE;DIGITALIZACIÓN APLICADA A LOS SECTORES PRODUCTIVOS (GS) (Pte 1.º);U2211;Lucía;Rodríguez;Ruiz
1;142DD;D;D;AR - 2º GS-D Autom y robo ind - 142DD - LOE;FORMACION EN CENTROS DE TRABAJO;U9987;Diego;Pérez;Díaz
1;142DD;D;D;AR - 2º GS-D Autom y robo ind - 142DD - LOE;DOCUMENTACION TECNICA;U1165;Martina;Martín;Muñoz
1;142DD;D;D;AR - 2º GS-D Autom y robo ind - 142DD - LOE;SISTEMAS PROGRAMABLES AVANZADOS;U5532;Lucas;Ruiz;Romero
1;142DD;D;D;AR - 2º GS-D Autom y robo ind - 142DD - LOE;ROBOTICA INDUSTRIAL;U7789;Paula;Díaz;Gutiérrez
1;142DD;D;D;AR - 2º GS-D Autom y robo ind - 142DD - LOE;COMUNICACIONES INDUSTRIALES;U8854;Hugo;Muñoz;Torres
1;142DD;D;D;AR - 2º GS-D Autom y robo ind - 142DD - LOE;INTEGRACION DE SISTEMAS DE AUTOMATIZACION INDUSTRIAL;U3312;Sara;Romero;Vázquez
1;142DD;D;D;AR - 2º GS-D Autom y robo ind - 142DD - LOE;INTEGRACION DE SISTEMAS DE AUTOMATIZACION INDUSTRIAL;U6623;Bruno;Gutiérrez;Castro
1;142DD;D;D;AR - 2º GS-D Autom y robo ind - 142DD - LOE;INTEGRACION DE SISTEMAS DE AUTOMATIZACION INDUSTRIAL;U2201;Elena;Torres;Ortiz
1;142DD;D;D;AR - 2º GS-D Autom y robo ind - 142DD - LOE;INGLÉS PROFESIONAL (GS);U9965;Mario;Vázquez;Marín
1;142DD;D;D;AR - 2º GS-D Autom y robo ind - 142DD - LOE;ITINERARIO PERSONAL PARA LA EMPLEABILIDAD II;U1176;Alba;Castro;Núñez
1;142DD;D;D;AR - 2º GS-D Autom y robo ind - 142DD - LOE;PROYECTO INTERMODULAR DE AUTOMATIZACIÓN Y ROBÓTICA INDUSTRIAL;U5590;Pablo;Ortiz;Medina
1;142DD;D;D;AR - 2º GS-D Autom y robo ind - 142DD - LOE;PROYECTO INTERMODULAR DE AUTOMATIZACIÓN Y ROBÓTICA INDUSTRIAL;U7734;Julia;Marín;Ibáñez
1;142DD;D;D;AR - 2º GS-D Autom y robo ind - 142DD - LOE;FÁBRICA INTELIGENTE Y SIMULACIÓN DE PROCESOS;U8812;Marcos;Núñez;Castillo
1;142DD;D;D;AR - 2º GS-D Autom y robo ind - 142DD - LOE;VISIÓN ARTIFICIAL EN PROCESOS ROBÓTICOS AVANZADOS;U3356;Carla;Medina;Garrido
1;142DD;D;D;AR - 2º GS-D Autom y robo ind - 142DD - LOE;MOTION CONTROL Y ROBÓTICA COLABORATIVA;U6601;Adrián;Ibáñez;Etxeberria
1;142DD;D;D;AR - 2º GS-D Autom y robo ind - 142DD - LOE;PROYECTO DE AUTOMATIZACION Y ROBOTICA INDUSTRIAL;U2243;Irene;Castillo;Aguirre
1;142DD;D;D;AR - 2º GS-D Autom y robo ind - 142DD - LOE;DUAL GENERAL;U9912;David;Garrido;Goikoetxea
1;142DD;D;D;AR - 2º GS-D Autom y robo ind - 142DD - LOE;DUAL GENERAL;U1145;Noa;Etxeberria;Zubizarreta
1;142DD;D;D;AR - 2º GS-D Autom y robo ind - 142DD - LOE;DUAL GENERAL;U5567;Álvaro;Aguirre;Larrañaga
1;142DD;D;D;AR - 2º GS-D Autom y robo ind - 142DD - LOE;DUAL GENERAL;U7721;Claudia;Goikoetxea;Iturbe
1;142DD;D;D;AR - 2º GS-D Autom y robo ind - 142DD - LOE;DUAL INTENSIVA;U8898;Manuel;Zubizarreta;Mendizabal
1;142DD;D;D;AR - 2º GS-D Autom y robo ind - 142DD - LOE;DUAL INTENSIVA;U3332;Emma;Larrañaga;Zabala
1;142DD;D;D;AR - 2º GS-D Autom y robo ind - 142DD - LOE;DUAL INTENSIVA;U6645;Aimar;Iturbe;Garmendia
1;142DD;D;D;AR - 2º GS-D Autom y robo ind - 142DD - LOE;TUTORÍA;U2267;Ane;Mendizabal;Arrieta
1;142DD;D;D;AR - 2º GS-D Autom y robo ind - 142DD - LOE;ITINERARIO PERSONAL PARA LA EMPLEABILIDAD I (Pte 1.º);U9989;Gorka;Zabala;Orozko
1;142DD;D;D;AR - 2º GS-D Autom y robo ind - 142DD - LOE;DIGITALIZACIÓN APLICADA A LOS SECTORES PRODUCTIVOS (GS) (Pte 1.º);U1121;Itziar;Garmendia;Bilbao
1;142DD;D;D;AR - 2º GS-D Autom y robo ind - 142DD - LOE;SOSTENIBILIDAD APLICADA AL SISTEMA PRODUCTIVO (Pte 1.º);U5501;Markel;Arrieta;Ugarte
1;142EA;A;D;AR - 2º GS-E Autom - 142EA - LOE;FORMACION EN CENTROS DE TRABAJO;U7754;Maite;Orozko;Azurmendi
1;142EA;A;D;AR - 2º GS-E Autom - 142EA - LOE;SISTEMAS DE TRANSMISION DE FUERZAS Y TRENES DE RODAJE;U8811;Xabier;Bilbao;Ibarra
1;142EA;A;D;AR - 2º GS-E Autom - 142EA - LOE;SISTEMAS DE TRANSMISION DE FUERZAS Y TRENES DE RODAJE;U3390;Amaia;Ugarte;Salazar
1;142EA;A;D;AR - 2º GS-E Autom - 142EA - LOE;SISTEMAS DE TRANSMISION DE FUERZAS Y TRENES DE RODAJE;U6632;Iker;Azurmendi;Elorza
1;142EA;A;D;AR - 2º GS-E Autom - 142EA - LOE;MOTORES TERMICOS Y SUS SITEMAS AUXILIARES;U2212;Oihane;Ibarra;Zabaleta
1;142EA;A;D;AR - 2º GS-E Autom - 142EA - LOE;MOTORES TERMICOS Y SUS SITEMAS AUXILIARES;U9945;Unai;Salazar;Urquijo
1;142EA;A;D;AR - 2º GS-E Autom - 142EA - LOE;MOTORES TERMICOS Y SUS SITEMAS AUXILIARES;U1178;Nerea;Elorza;Bengoetxea
1;142EA;A;D;AR - 2º GS-E Autom - 142EA - LOE;GESTION Y LOGISTICA DEL MANTENIMIENTO DE VEHICULOS;U5534;Julen;Zabaleta;García
1;142EA;A;D;AR - 2º GS-E Autom - 142EA - LOE;PROYECTO EN AUTOMOCION;U7767;Irati;Urquijo;Fernández
1;142EA;A;D;AR - 2º GS-E Autom - 142EA - LOE;TECNICAS DE COMUNICACION Y DE RELACIONES;U7412;Aimar;Etxeberria;García
1;142EA;A;D;AR - 2º GS-E Autom - 142EA - LOE;INGLÉS PROFESIONAL (GS);U9021;Lucía;Zubizarreta;Fernández
1;142EA;A;D;AR - 2º GS-E Autom - 142EA - LOE;ITINERARIO PERSONAL PARA LA EMPLEABILIDAD II;U1534;Gorka;Larrañaga;Rodríguez
1;142EA;A;D;AR - 2º GS-E Autom - 142EA - LOE;DIAGNOSIS INTEGRAL DEL VEHÍCULO Y PROCESOS DE REPARACIÓN;U7729;Itziar;Goikoetxea;Pérez
1;142EA;A;D;AR - 2º GS-E Autom - 142EA - LOE;ALTERNATIVAS DE LA MOVILIDAD;U3105;Markel;Iturbe;Martín
1;142EA;A;D;AR - 2º GS-E Autom - 142EA - LOE;INNOVACIONES EN LA INDUSTRIA AUTOMOTRIZ;U8842;Maite;Mendizabal;Ruiz
1;142EA;A;D;AR - 2º GS-E Autom - 142EA - LOE;PROYECTO INTERMODULAR DE AUTOMOCIÓN;U2291;Xabier;Zabala;Díaz
1;142EA;A;D;AR - 2º GS-E Autom - 142EA - LOE;DUAL GENERAL;U6473;Amaia;Garmendia;Muñoz
1;142EA;A;D;AR - 2º GS-E Autom - 142EA - LOE;DUAL GENERAL;U5510;Iker;Arrieta;Romero
1;142EA;A;D;AR - 2º GS-E Autom - 142EA - LOE;DUAL INTENSIVA;U3984;Oihane;Orozko;Gutiérrez
1;142EA;A;D;AR - 2º GS-E Autom - 142EA - LOE;DUAL INTENSIVA;U1027;Unai;Bilbao;Torres
1;142EA;A;D;AR - 2º GS-E Autom - 142EA - LOE;ESTANCIA EN EMPRESA;U7365;Nerea;Ugarte;Vázquez
1;142EA;A;D;AR - 2º GS-E Autom - 142EA - LOE;TUTORÍA;U8241;Julen;Azurmendi;Castro
1;142EA;A;D;AR - 2º GS-E Autom - 142EA - LOE;ELEMENTOS AMOVIBLES Y FIJOS NO ESTRUCTURALES (Pte 1.º);U4456;Irati;Ibarra;Ortiz
1;142EA;A;D;AR - 2º GS-E Autom - 142EA - LOE;DIGITALIZACIÓN APLICADA A LOS SECTORES PRODUCTIVOS (GS) (Pte 1.º);U9123;Kepa;Salazar;Marín
1;142EA;A;D;AR - 2º GS-E Autom - 142EA - LOE;SOSTENIBILIDAD APLICADA AL SISTEMA PRODUCTIVO (Pte 1.º);U6678;Edurne;Elorza;Núñez
1;142GA;A;D;AR - 2º GS-G Des apli web - 142GA - LOE;FORMACION EN CENTROS DE TRABAJO;U5032;Beñat;Zabaleta;Medina
1;142GA;A;D;AR - 2º GS-G Des apli web - 142GA - LOE;SISTEMAS INFORMATICOS;U2190;Eider;Urquijo;Ibáñez
1;142GA;A;D;AR - 2º GS-G Des apli web - 142GA - LOE;DESARROLLO WEB EN ENTORNO CLIENTE;U3341;Jon;Bengoetxea;Castillo
1;142GA;A;D;AR - 2º GS-G Des apli web - 142GA - LOE;DESARROLLO WEB EN ENTORNO SERVIDOR;U1154;Miren;Aguirre;Garrido
1;142GA;A;D;AR - 2º GS-G Des apli web - 142GA - LOE;DESPLIEGUE DE APLICACIONES WEB;U4821;Alejandro;García;Etxeberria
1;142GA;A;D;AR - 2º GS-G Des apli web - 142GA - LOE;DISEÑO DE INTERFACES WEB;U9012;Sofía;Fernández;Aguirre
1;142GA;A;D;AR - 2º GS-G Des apli web - 142GA - LOE;PROYECTO DESARROLLO DE APLICACIONES WEB;U1534;Mateo;Rodríguez;Goikoetxea
1;142GA;A;D;AR - 2º GS-G Des apli web - 142GA - LOE;ITINERARIO PERSONAL PARA LA EMPLEABILIDAD II;U7729;Valentina;Pérez;Zubizarreta
1;142GA;A;D;AR - 2º GS-G Des apli web - 142GA - LOE;DESARROLLO DE APLICACIONES FULL STACK;U3105;Javier;Martín;Larrañaga
1;142GA;A;D;AR - 2º GS-G Des apli web - 142GA - LOE;DESARROLLO DE APLICACIONES FULL STACK;U8842;Martina;Ruiz;Iturbe
1;142GA;A;D;AR - 2º GS-G Des apli web - 142GA - LOE;DESARROLLO DE BACK-END AVANZADO;U2291;Diego;Díaz;Mendizabal
1;142GA;A;D;AR - 2º GS-G Des apli web - 142GA - LOE;PROYECTO INTERMODULAR DE DESARROLLO DE APLICACIONES WEB;U6473;Lucas;Muñoz;Zabala
1;142GA;A;D;AR - 2º GS-G Des apli web - 142GA - LOE;PROYECTO INTERMODULAR DE DESARROLLO DE APLICACIONES WEB;U5510;Paula;Romero;Garmendia
1;142GA;A;D;AR - 2º GS-G Des apli web - 142GA - LOE;DUAL GENERAL;U3984;Hugo;Gutiérrez;Arrieta
1;142GA;A;D;AR - 2º GS-G Des apli web - 142GA - LOE;DUAL GENERAL;U1027;Sara;Torres;Orozko
1;142GA;A;D;AR - 2º GS-G Des apli web - 142GA - LOE;DUAL INTENSIVA;U7365;Bruno;Vázquez;Bilbao
1;142GA;A;D;AR - 2º GS-G Des apli web - 142GA - LOE;TUTORÍA;U8241;Elena;Castro;Ugarte
1;142GA;A;D;AR - 2º GS-G Des apli web - 142GA - LOE;BASES DE DATOS (Pte 1.º);U4456;Mario;Ortiz;Azurmendi
1;142GA;A;D;AR - 2º GS-G Des apli web - 142GA - LOE;PROGRAMACION (Pte 1.º);U9123;Alba;Marín;Ibarra
1;142GA;A;D;AR - 2º GS-G Des apli web - 142GA - LOE;INGLÉS PROFESIONAL (GS) (Pte 1.º);U6678;Pablo;Núñez;Salazar
1;142GA;A;D;AR - 2º GS-G Des apli web - 142GA - LOE;DIGITALIZACIÓN APLICADA A LOS SECTORES PRODUCTIVOS (GS) (Pte 1.º);U5032;Julia;Medina;Elorza
1;142GA;A;D;AR - 2º GS-G Des apli web - 142GA - LOE;SOSTENIBILIDAD APLICADA AL SISTEMA PRODUCTIVO (Pte 1.º);U2190;Marcos;Ibáñez;Zabaleta
1;142QA;A;D;AR - 2º GS-Q Mecatron ind - 142QA - LOE;SISTEMAS MECANICOS;U3341;Carla;Castillo;Urquijo
1;142QA;A;D;AR - 2º GS-Q Mecatron ind - 142QA - LOE;ELEMENTOS DE MAQUINAS;U1154;Adrián;Garrido;Bengoetxea
1;142QA;A;D;AR - 2º GS-Q Mecatron ind - 142QA - LOE;CONFIGURACION DE SISTEMAS MECATRONICOS;U5421;Iker;Etxeberria;Zubizarreta
1;142QA;A;D;AR - 2º GS-Q Mecatron ind - 142QA - LOE;CONFIGURACION DE SISTEMAS MECATRONICOS;U8832;Itziar;Aguirre;Larrañaga
1;142QA;A;D;AR - 2º GS-Q Mecatron ind - 142QA - LOE;PROCESOS Y GESTION DE MANTENIMIENTO Y CALIDAD;U1099;Markel;Goikoetxea;Iturbe
1;142QA;A;D;AR - 2º GS-Q Mecatron ind - 142QA - LOE;PROYECTO DE MECATRONICA INDUSTRIAL;U4421;Ane;Zubizarreta;Mendizabal
1;142QA;A;D;AR - 2º GS-Q Mecatron ind - 142QA - LOE;FORMACION EN CENTROS DE TRABAJO;U6612;Julen;Larrañaga;Zabala
1;142QA;A;D;AR - 2º GS-Q Mecatron ind - 142QA - LOE;INGLÉS PROFESIONAL (GS);U9932;Oihane;Iturbe;Garmendia
1;142QA;A;D;AR - 2º GS-Q Mecatron ind - 142QA - LOE;ITINERARIO PERSONAL PARA LA EMPLEABILIDAD II;U2210;Unai;Mendizabal;Arrieta
1;142QA;A;D;AR - 2º GS-Q Mecatron ind - 142QA - LOE;SOSTENIBILIDAD APLICADA AL SISTEMA PRODUCTIVO;U4501;Nerea;Zabala;Orozko
1;142QA;A;D;AR - 2º GS-Q Mecatron ind - 142QA - LOE;TÉCNICAS DE MONTAJE AVANZADO Y PROTOTIPADO;U3387;Beñat;Garmendia;Bilbao
1;142QA;A;D;AR - 2º GS-Q Mecatron ind - 142QA - LOE;CONTROL INDUSTRIAL Y PROCESOS AUTOMATIZADOS AVANZADOS;U1123;Maite;Arrieta;Ugarte
1;142QA;A;D;AR - 2º GS-Q Mecatron ind - 142QA - LOE;GESTIÓN PRACTRICA DEL MANTENIMIENTO Y SEGURIDAD EN MÁQUINAS;U7765;Xabier;Orozko;Azurmendi
1;142QA;A;D;AR - 2º GS-Q Mecatron ind - 142QA - LOE;SIMULACION DE SISTEMAS MECATRONICOS;U8890;Amaia;Bilbao;Ibarra
1;142QA;A;D;AR - 2º GS-Q Mecatron ind - 142QA - LOE;PROYECTO INTERMODULAR DE MECATRONICA INDUSTRIAL;U3345;Aimar;Ugarte;Salazar
1;142QA;A;D;AR - 2º GS-Q Mecatron ind - 142QA - LOE;PROYECTO INTERMODULAR DE MECATRONICA INDUSTRIAL;U6671;Irati;Azurmendi;Elorza
1;142QA;A;D;AR - 2º GS-Q Mecatron ind - 142QA - LOE;DUAL GENERAL;U2298;Kepa;Ibarra;Zabaleta
1;142QA;A;D;AR - 2º GS-Q Mecatron ind - 142QA - LOE;DUAL GENERAL;U9904;Edurne;Salazar;Urquijo
1;142QA;A;D;AR - 2º GS-Q Mecatron ind - 142QA - LOE;DUAL GENERAL;U1102;Eider;Elorza;Bengoetxea
1;142QA;A;D;AR - 2º GS-Q Mecatron ind - 142QA - LOE;DUAL INTENSIVA;U5543;Jon;Zabaleta;García
1;142QA;A;D;AR - 2º GS-Q Mecatron ind - 142QA - LOE;DUAL INTENSIVA;U7712;Miren;Urquijo;Fernández
1;142QA;A;D;AR - 2º GS-Q Mecatron ind - 142QA - LOE;DUAL INTENSIVA;U8823;Gorka;Bengoetxea;Rodríguez
1;142QA;A;D;AR - 2º GS-Q Mecatron ind - 142QA - LOE;TUTORÍA;U4412;Valeria;García;Pérez
1;142QA;A;D;AR - 2º GS-Q Mecatron ind - 142QA - LOE;SISTEMAS ELECTRICOS Y ELECTRONICOS (Pte 1.º);U3309;Mateo;Fernández;Martín
1;142QA;A;D;AR - 2º GS-Q Mecatron ind - 142QA - LOE;PROCESOS DE FABRICACION (Pte 1.º);U2211;Lucía;Rodríguez;Ruiz
1;142QA;A;D;AR - 2º GS-Q Mecatron ind - 142QA - LOE;ITINERARIO PERSONAL PARA LA EMPLEABILIDAD I (Pte 1.º);U9987;Diego;Pérez;Díaz
1;142QA;A;D;AR - 2º GS-Q Mecatron ind - 142QA - LOE;DIGITALIZACIÓN APLICADA A LOS SECTORES PRODUCTIVOS (GS) (Pte 1.º);U1165;Martina;Martín;Muñoz
1;142TA;A;D;AR - 2º GS-T Sist teleco e inf - 142TA - LOE;FORMACION EN CENTROS DE TRABAJO;U5532;Lucas;Ruiz;Romero
1;142TA;A;D;AR - 2º GS-T Sist teleco e inf - 142TA - LOE;SISTEMAS DE TELEFONIA FIJA Y MOVIL;U7789;Paula;Díaz;Gutiérrez
1;142TA;A;D;AR - 2º GS-T Sist teleco e inf - 142TA - LOE;SISTEMAS DE PRODUCCION AUDIOVISUAL;U8854;Hugo;Muñoz;Torres
1;142TA;A;D;AR - 2º GS-T Sist teleco e inf - 142TA - LOE;REDES TELEMATICAS;U3312;Sara;Romero;Vázquez
1;142TA;A;D;AR - 2º GS-T Sist teleco e inf - 142TA - LOE;SISTEMAS DE RADIOCUMUNICACIONES;U6623;Bruno;Gutiérrez;Castro
1;142TA;A;D;AR - 2º GS-T Sist teleco e inf - 142TA - LOE;SISTEMAS INTEGRADOS Y HOGAR DIGITAL;U2201;Elena;Torres;Ortiz
1;142TA;A;D;AR - 2º GS-T Sist teleco e inf - 142TA - LOE;SISTEMAS INTEGRADOS Y HOGAR DIGITAL;U9965;Mario;Vázquez;Marín
1;142TA;A;D;AR - 2º GS-T Sist teleco e inf - 142TA - LOE;PROYECTO DE SISTEMAS DE TELECOMUNICACIONES E INFORMATICOS;U1176;Alba;Castro;Núñez
1;142TA;A;D;AR - 2º GS-T Sist teleco e inf - 142TA - LOE;INGLÉS PROFESIONAL (GS);U5590;Pablo;Ortiz;Medina
1;142TA;A;D;AR - 2º GS-T Sist teleco e inf - 142TA - LOE;ITINERARIO PERSONAL PARA LA EMPLEABILIDAD II;U7734;Julia;Marín;Ibáñez
1;142TA;A;D;AR - 2º GS-T Sist teleco e inf - 142TA - LOE;CIBERSEGURIDAD Y VIRTUALIZACIÓN EN SISTEMAS DE TELECOMUNICACIONES E INFORMÁTICOS;U8812;Marcos;Núñez;Castillo
1;142TA;A;D;AR - 2º GS-T Sist teleco e inf - 142TA - LOE;SISTEMAS DE CONTROL DE ACCESO Y ENERGÍAS RENOVABLES;U3356;Carla;Medina;Garrido
1;142TA;A;D;AR - 2º GS-T Sist teleco e inf - 142TA - LOE;IOT: INTERNET OF THINGS;U6601;Adrián;Ibáñez;Etxeberria
1;142TA;A;D;AR - 2º GS-T Sist teleco e inf - 142TA - LOE;PROYECTO INTERMODULAR DE SISTEMAS DE TELECOMUNICACIONES E INFORMÁTICOS;U2243;Irene;Castillo;Aguirre
1;142TA;A;D;AR - 2º GS-T Sist teleco e inf - 142TA - LOE;PROYECTO INTERMODULAR DE SISTEMAS DE TELECOMUNICACIONES E INFORMÁTICOS;U9912;David;Garrido;Goikoetxea
1;142TA;A;D;AR - 2º GS-T Sist teleco e inf - 142TA - LOE;DUAL GENERAL;U1145;Noa;Etxeberria;Zubizarreta
1;142TA;A;D;AR - 2º GS-T Sist teleco e inf - 142TA - LOE;DUAL GENERAL;U5567;Álvaro;Aguirre;Larrañaga
1;142TA;A;D;AR - 2º GS-T Sist teleco e inf - 142TA - LOE;DUAL GENERAL;U7721;Claudia;Goikoetxea;Iturbe
1;142TA;A;D;AR - 2º GS-T Sist teleco e inf - 142TA - LOE;DUAL GENERAL;U8898;Manuel;Zubizarreta;Mendizabal
1;142TA;A;D;AR - 2º GS-T Sist teleco e inf - 142TA - LOE;DUAL INTENSIVA;U3332;Emma;Larrañaga;Zabala
1;142TA;A;D;AR - 2º GS-T Sist teleco e inf - 142TA - LOE;TUTORÍA;U6645;Aimar;Iturbe;Garmendia
1;142TA;A;D;AR - 2º GS-T Sist teleco e inf - 142TA - LOE;SISTEMAS INFORMATICOS Y REDES LOCALES (Pte 1.º);U2267;Ane;Mendizabal;Arrieta
1;142TA;A;D;AR - 2º GS-T Sist teleco e inf - 142TA - LOE;FORMACION Y ORIENTACION LABORAL (Pte 1.º);U9989;Gorka;Zabala;Orozko
1;142TA;A;D;AR - 2º GS-T Sist teleco e inf - 142TA - LOE;ITINERARIO PERSONAL PARA LA EMPLEABILIDAD I (Pte 1.º);U1121;Itziar;Garmendia;Bilbao
1;142TA;A;D;AR - 2º GS-T Sist teleco e inf - 142TA - LOE;DIGITALIZACIÓN APLICADA A LOS SECTORES PRODUCTIVOS (GS) (Pte 1.º);U5501;Markel;Arrieta;Ugarte
1;142TA;A;D;AR - 2º GS-T Sist teleco e inf - 142TA - LOE;SOSTENIBILIDAD APLICADA AL SISTEMA PRODUCTIVO (Pte 1.º);U7754;Maite;Orozko;Azurmendi
1;147FA;A;N;AR - 1º GS-F Des apli multi (N) - 147FA - LOE;BASES DE DATOS;U8811;Xabier;Bilbao;Ibarra
1;147FA;A;N;AR - 1º GS-F Des apli multi (N) - 147FA - LOE;PROGRAMACION;U3390;Amaia;Ugarte;Salazar
1;147FA;A;N;AR - 1º GS-F Des apli multi (N) - 147FA - LOE;ITINERARIO PERSONAL PARA LA EMPLEABILIDAD I;U6632;Iker;Azurmendi;Elorza
1;147FA;A;N;AR - 1º GS-F Des apli multi (N) - 147FA - LOE;DIGITALIZACIÓN APLICADA A LOS SECTORES PRODUCTIVOS (GS);U2212;Oihane;Ibarra;Zabaleta
1;147FA;A;N;AR - 1º GS-F Des apli multi (N) - 147FA - LOE;TUTORÍA;U9945;Unai;Salazar;Urquijo
1;148FA;A;N;AR - 2º GS-F Des apli multi (N) - 148FA - LOE;LENGUAJES DE MARCA Y SISTEMAS DE GESTIÓN DE INFORMACIÓN;U1178;Nerea;Elorza;Bengoetxea
1;148FA;A;N;AR - 2º GS-F Des apli multi (N) - 148FA - LOE;SISTEMAS INFORMÁTICOS;U5534;Julen;Zabaleta;García
1;148FA;A;N;AR - 2º GS-F Des apli multi (N) - 148FA - LOE;DESARROLLO DE INTERFACES;U7767;Irati;Urquijo;Fernández
1;148FA;A;N;AR - 2º GS-F Des apli multi (N) - 148FA - LOE;PROGRAMACIÓN MULTIMEDIA Y DISPOSITIVOS MÓVILES;U7412;Aimar;Etxeberria;García
1;148FA;A;N;AR - 2º GS-F Des apli multi (N) - 148FA - LOE;SISTEMAS DE GESTIÓN EMPRESARIAL;U9021;Lucía;Zubizarreta;Fernández
1;148FA;A;N;AR - 2º GS-F Des apli multi (N) - 148FA - LOE;INGLÉS TÉCNICO;U1534;Gorka;Larrañaga;Rodríguez
1;148FA;A;N;AR - 2º GS-F Des apli multi (N) - 148FA - LOE;TUTORÍA;U7729;Itziar;Goikoetxea;Pérez
1;148FA;A;N;AR - 2º GS-F Des apli multi (N) - 148FA - LOE;BASES DE DATOS (Pte 1.º);U3105;Markel;Iturbe;Martín
1;148FA;A;N;AR - 2º GS-F Des apli multi (N) - 148FA - LOE;PROGRAMACION (Pte 1.º);U8842;Maite;Mendizabal;Ruiz
1;148FA;A;N;AR - 2º GS-F Des apli multi (N) - 148FA - LOE;ENTORNOS DE DESARROLLO (Pte 1.º);U2291;Xabier;Zabala;Díaz
1;148FA;A;N;AR - 2º GS-F Des apli multi (N) - 148FA - LOE;FORMACIÓN Y ORIENTACIÓN LABORAL (Pte 1.º);U6473;Amaia;Garmendia;Muñoz
1;149FA;A;N;AR - 3º GS-F Des apli multi (N) - 149FA - LOE;ACCESO A DATOS;U5510;Iker;Arrieta;Romero
1;149FA;A;N;AR - 3º GS-F Des apli multi (N) - 149FA - LOE;PROGRAMACION DE SERVICIOS Y PROCESOS;U3984;Oihane;Orozko;Gutiérrez
1;149FA;A;N;AR - 3º GS-F Des apli multi (N) - 149FA - LOE;PROYECTO DE DESARROLLO DE APLICACIONES MULTIPLATAFORMA;U1027;Unai;Bilbao;Torres
1;149FA;A;N;AR - 3º GS-F Des apli multi (N) - 149FA - LOE;PROYECTO DE DESARROLLO DE APLICACIONES MULTIPLATAFORMA;U7365;Nerea;Ugarte;Vázquez
1;149FA;A;N;AR - 3º GS-F Des apli multi (N) - 149FA - LOE;PROYECTO DE DESARROLLO DE APLICACIONES MULTIPLATAFORMA;U8241;Julen;Azurmendi;Castro
1;149FA;A;N;AR - 3º GS-F Des apli multi (N) - 149FA - LOE;EMPRESA E INICIATIVA EMPRENDEDORA;U4456;Irati;Ibarra;Ortiz
1;149FA;A;N;AR - 3º GS-F Des apli multi (N) - 149FA - LOE;FORMACION EN CENTROS DE TRABAJO;U9123;Kepa;Salazar;Marín
1;149FA;A;N;AR - 3º GS-F Des apli multi (N) - 149FA - LOE;DUAL GENERAL;U6678;Edurne;Elorza;Núñez
1;149FA;A;N;AR - 3º GS-F Des apli multi (N) - 149FA - LOE;DUAL INTENSIVA;U5032;Beñat;Zabaleta;Medina
1;149FA;A;N;AR - 3º GS-F Des apli multi (N) - 149FA - LOE;TUTORÍA;U2190;Eider;Urquijo;Ibáñez
1;151FA;A;D;AR - 1º GB - F INFOR Y COM - 151FA;Ciencias Aplicadas I;U3341;Jon;Bengoetxea;Castillo
1;151FA;A;D;AR - 1º GB - F INFOR Y COM - 151FA;Comunicación y ciencias sociales I;U1154;Miren;Aguirre;Garrido
1;151FA;A;D;AR - 1º GB - F INFOR Y COM - 151FA;ITINERARIO PERSONAL PARA LA EMPLEABILIDAD;U4821;Alejandro;García;Etxeberria
1;151FA;A;D;AR - 1º GB - F INFOR Y COM - 151FA;Tutoría;U9012;Sofía;Fernández;Aguirre
1;151FA;A;D;AR - 1º GB - F INFOR Y COM - 151FA;Instalaciones y Mantenimiento de redes para transmisión de datos;U1534;Mateo;Rodríguez;Goikoetxea
1;151FA;A;D;AR - 1º GB - F INFOR Y COM - 151FA;Montaje y Mantenimiento de Sistemas y Componentes Informáticos;U7729;Valentina;Pérez;Zubizarreta
1;151FA;A;D;AR - 1º GB - F INFOR Y COM - 151FA;Montaje y Mantenimiento de Sistemas y Componentes Informáticos;U3105;Javier;Martín;Larrañaga
1;151FA;A;D;AR - 1º GB - F INFOR Y COM - 151FA;Operaciones Auxiliares para la Configuración y explotación;U8842;Martina;Ruiz;Iturbe
1;152FA;A;D;AR - 2º GB - F INFOR Y COM - 152FA;DUAL GENERAL;U2291;Diego;Díaz;Mendizabal
1;152FA;A;D;AR - 2º GB - F INFOR Y COM - 152FA;Ciencias Aplicadas II;U6473;Lucas;Muñoz;Zabala
1;152FA;A;D;AR - 2º GB - F INFOR Y COM - 152FA;Comunicación y Ciencias Sociales II;U5510;Paula;Romero;Garmendia
1;152FA;A;D;AR - 2º GB - F INFOR Y COM - 152FA;Comunicación y Ciencias Sociales II;U3984;Hugo;Gutiérrez;Arrieta
1;152FA;A;D;AR - 2º GB - F INFOR Y COM - 152FA;Formación en centros de trabajo;U1027;Sara;Torres;Orozko
1;152FA;A;D;AR - 2º GB - F INFOR Y COM - 152FA;Formación y orientación laboral;U7365;Bruno;Vázquez;Bilbao
1;152FA;A;D;AR - 2º GB - F INFOR Y COM - 152FA;Tutoría;U8241;Elena;Castro;Ugarte
1;152FA;A;D;AR - 2º GB - F INFOR Y COM - 152FA;Equipos eléctricos y electrónicos;U4456;Mario;Ortiz;Azurmendi
1;152FA;A;D;AR - 2º GB - F INFOR Y COM - 152FA;Equipos eléctricos y electrónicos;U9123;Alba;Marín;Ibarra
1;152FA;A;D;AR - 2º GB - F INFOR Y COM - 152FA;Instalación y configuración de sistemas operativos en sistemas microinformáticos;U6678;Pablo;Núñez;Salazar
1;152FA;A;D;AR - 2º GB - F INFOR Y COM - 152FA;Ciencias Aplicadas I (Pdte 1º);U5032;Julia;Medina;Elorza
1;176AB;B;D;AR - CE Ciber Entornos Tecn Inform - 176AB - LOE;Incidentes de ciberseguridad;U2190;Marcos;Ibáñez;Zabaleta
1;176AB;B;D;AR - CE Ciber Entornos Tecn Inform - 176AB - LOE;Bastionado de redes y sistemas;U3341;Carla;Castillo;Urquijo
1;176AB;B;D;AR - CE Ciber Entornos Tecn Inform - 176AB - LOE;Bastionado de redes y sistemas;U1154;Adrián;Garrido;Bengoetxea
1;176AB;B;D;AR - CE Ciber Entornos Tecn Inform - 176AB - LOE;Puesta en producción segura;U5421;Iker;Etxeberria;Zubizarreta
1;176AB;B;D;AR - CE Ciber Entornos Tecn Inform - 176AB - LOE;Análisis forense informático;U8832;Itziar;Aguirre;Larrañaga
1;176AB;B;D;AR - CE Ciber Entornos Tecn Inform - 176AB - LOE;Análisis forense informático;U1099;Markel;Goikoetxea;Iturbe
1;176AB;B;D;AR - CE Ciber Entornos Tecn Inform - 176AB - LOE;Hacking ético.;U4421;Ane;Zubizarreta;Mendizabal
1;176AB;B;D;AR - CE Ciber Entornos Tecn Inform - 176AB - LOE;Hacking ético.;U6612;Julen;Larrañaga;Zabala
1;176AB;B;D;AR - CE Ciber Entornos Tecn Inform - 176AB - LOE;Normativa de ciberseguridad;U9932;Oihane;Iturbe;Garmendia
1;176AB;B;D;AR - CE Ciber Entornos Tecn Inform - 176AB - LOE;Fundamentos básicos;U2210;Unai;Mendizabal;Arrieta
1;176AB;B;D;AR - CE Ciber Entornos Tecn Inform - 176AB - LOE;DUAL GENERAL;U4501;Nerea;Zabala;Orozko
1;176AB;B;D;AR - CE Ciber Entornos Tecn Inform - 176AB - LOE;Tutoría;U3387;Beñat;Garmendia;Bilbao
